{"cameraMode":{"drawMode":0,"name":"Shaded","section":"Shading Mode"},"sceneLighting":true,"audioPlay":false,"sceneViewState":{"m_AlwaysRefresh":false,"showFog":true,"showSkybox":true,"showFlares":true,"showImageEffects":true,"showParticleSystems":true,"showVisualEffectGraphs":true,"m_FxEnabled":true},"in2DMode":false,"pivot":{"x":5.446455955505371,"y":-15.320419311523438,"z":22.518787384033204},"rotation":{"x":0.31916648149490359,"y":0.15402591228485108,"z":-0.05264969542622566,"w":0.9336382746696472},"size":16.190778732299806,"orthographic":false}