{"cameraMode":{"drawMode":0,"name":"Shaded","section":"Shading Mode"},"sceneLighting":true,"audioPlay":false,"sceneViewState":{"m_AlwaysRefresh":false,"showFog":true,"showSkybox":true,"showFlares":true,"showImageEffects":true,"showParticleSystems":true,"showVisualEffectGraphs":true,"m_FxEnabled":true},"in2DMode":false,"pivot":{"x":6.283307075500488,"y":5.514530658721924,"z":6.330596446990967},"rotation":{"x":0.20699234306812287,"y":-0.002056705765426159,"z":0.0004349071823526174,"w":0.9783415198326111},"size":0.015624447725713253,"orthographic":false}