{"cameraMode":{"drawMode":0,"name":"Shaded","section":"Shading Mode"},"sceneLighting":true,"audioPlay":false,"sceneViewState":{"m_AlwaysRefresh":false,"showFog":true,"showSkybox":true,"showFlares":true,"showImageEffects":true,"showParticleSystems":true,"showVisualEffectGraphs":true,"m_FxEnabled":true},"in2DMode":false,"pivot":{"x":283.08197021484377,"y":140.02130126953126,"z":93.9992446899414},"rotation":{"x":0.1789904087781906,"y":0.020659221336245538,"z":-0.003759372513741255,"w":0.9836279153823853},"size":356.2456970214844,"orthographic":false}