{"cameraMode":{"drawMode":0,"name":"Shaded","section":"Shading Mode"},"sceneLighting":true,"audioPlay":false,"sceneViewState":{"m_AlwaysRefresh":false,"showFog":true,"showSkybox":true,"showFlares":true,"showImageEffects":true,"showParticleSystems":true,"showVisualEffectGraphs":true,"m_FxEnabled":true},"in2DMode":false,"pivot":{"x":17.62603187561035,"y":2.129976987838745,"z":5.948293209075928},"rotation":{"x":-0.06373825669288635,"y":-0.668765664100647,"z":0.057725511491298679,"w":-0.7384922504425049},"size":0.023699847981333734,"orthographic":false}