{"cameraMode":{"drawMode":0,"name":"Shaded","section":"Shading Mode"},"sceneLighting":true,"audioPlay":false,"sceneViewState":{"m_AlwaysRefresh":false,"showFog":true,"showSkybox":true,"showFlares":true,"showImageEffects":true,"showParticleSystems":true,"showVisualEffectGraphs":true,"m_FxEnabled":true},"in2DMode":false,"pivot":{"x":32.666648864746097,"y":3.6797173023223879,"z":10.660539627075196},"rotation":{"x":0.29111248254776,"y":0.025826603174209596,"z":-0.007861978374421597,"w":0.9563087821006775},"size":0.35182273387908938,"orthographic":false}